,DG,tgan,par,missing,interpolated
0.2,9.685144659014437,10.805336104000162,64.47389436232645,10.832095588135692,7.126882954383279
0.4,11.239828350256845,14.788609651516879,84.37623458290575,16.095711060176544,8.416563231949228
0.6,12.940770664669488,22.336454746351915,71.15942453685477,29.371176630107122,8.541956486505867
0.8,12.40449788637743,20.835269423733273,36.654897741020484,72.56053952000372,10.26406737433558
0.9,12.135136929801345,22.362562866615782,30.24736942202087,91.1303104115556,10.656017637628224
