,DG,tgan,par,missing,interpolated
0.2,7.200466848400941,6.538716774976498,10.047822855616047,8.423681873073942,6.7364774646553816
0.4,7.4838108867415345,7.502061585632945,16.429944220801058,9.524457463324906,6.703250137338861
0.6,8.182494991618308,7.899121644959697,23.151370066385674,16.083561298577294,8.018965112168933
0.8,7.90829673061566,8.742351668964174,19.636170157460217,27.674210759935512,10.207687800692412
0.9,7.694499615885639,7.80615957571813,20.11434106805611,27.74024958669778,10.68773983625671
