,DG,tgan,par
3 weeks,35.25932893459716,32.370358291642766,67.92149206440065
5 weeks,31.583015449412528,34.00651384854926,53.045601016313874
7 weeks,40.19934081163715,34.26604879709262,54.91703750995202
