,DG,tgan,par
3 weeks,19.28779854101136,30.659883059119327,260.0449534581563
5 weeks,21.891142007884195,36.762879321493195,66.99938319256759
7 weeks,25.281575570513834,31.47480636540765,238.5476802894949
