,DG,tgan,par
3 weeks,42.38526907509433,47.52867438016849,95.74844106546908
5 weeks,38.73892432947686,48.422166704137254,459.2522128726059
7 weeks,36.148990118662624,36.87027217477696,109.43080026820219
