,DG,tgan,par
3 weeks,0.006498421703579003,0.009314514498118815,0.12341921758145591
5 weeks,0.014381638221644066,0.004033920003348653,0.10493677268771903
7 weeks,0.03427055639215137,0.01753121172362592,0.049940383411541826
