,DG,tgan,par
3 weeks,0.0158254471120658,0.020490756666184592,0.08524032195068754
5 weeks,0.014613014011163699,0.03269902754457448,0.13803409938766187
7 weeks,0.032272364424161176,0.03496775639959511,0.22838993098075766
