,DG,tgan,par
3 weeks,0.02502139921664567,0.049376412591566,0.1014551501517794
5 weeks,0.057671022594852794,0.06071066365168791,0.15442486483378465
7 weeks,0.0596061655741567,0.05144633430233332,0.24577721246615997
