,DG,tgan,par
1+4,9.881478862561854,15.067999409364283,13.454798688019864
4+1,7.6115426658389636,8.470488228598805,7.738402924907545
2+3,8.847758737553827,11.275273202686613,10.441143257868452
3+2,7.882643519291073,7.6810566305361165,8.838800541529961
