,DG,tgan,par
1+4,9.618787574946221,10.972115772996327,13.854081678783444
4+1,8.503373734336142,7.634007352225029,8.59402330455648
2+3,8.860097734448791,9.075461306953027,11.691251888616701
3+2,7.88694163097845,8.824756590746,7.867502051637216
