,DG,tgan,par
1+4,7.418011648250658,7.6706773243675395,8.52152377378585
4+1,6.76150103761151,7.081110829652931,6.7823209113385365
2+3,7.426940021709857,7.43907266098862,7.667292485821843
3+2,6.933953926216477,6.5349559658149285,6.378923536075972
