,DG,tgan,par,raw
1 Week,12.215192445589206,16.095255798256048,28.163880105909207,10.511827902403743
3 Weeks,12.255953753862089,16.524473229623823,26.663295566477768,8.510289857493907
5 Weeks,12.599393215674267,16.242318910122226,20.759604571766285,7.258503739886157
