,DG,tgan,par,raw
1 Week,7.608307766388575,10.339584531108555,15.464677684189407,7.3295895698785305
3 Weeks,7.513002672771117,7.886405083761028,24.58364142686557,7.200180240013497
5 Weeks,7.249777804832974,8.141767773499984,16.54216021871203,6.843392327891945
