,DG,tgan,par,raw
1 Week,12.50773980320566,13.249015289993274,26.539944331834946,9.349512451284502
3 Weeks,11.085287989062872,12.420210575156556,22.10004009522567,7.686784904432615
5 Weeks,10.115735538251549,18.304833190530825,30.802053285171677,7.149363518062919
